{
  "Loads my account page" : {
    "transaction" : "Loads my account page",
    "sampleCount" : 19,
    "errorCount" : 0,
    "errorPct" : 0.0,
    "meanResTime" : 4051.684210526316,
    "minResTime" : 1988.0,
    "maxResTime" : 7431.0,
    "pct1ResTime" : 6054.0,
    "pct2ResTime" : 7431.0,
    "pct3ResTime" : 7431.0,
    "throughput" : 0.15793323580263333,
    "receivedKBytesPerSec" : 4.828782708804362,
    "sentKBytesPerSec" : 0.1805484699178747
  },
  "Submits authentiction page" : {
    "transaction" : "Submits authentiction page",
    "sampleCount" : 10,
    "errorCount" : 0,
    "errorPct" : 0.0,
    "meanResTime" : 3269.7999999999997,
    "minResTime" : 1831.0,
    "maxResTime" : 4309.0,
    "pct1ResTime" : 4278.0,
    "pct2ResTime" : 4309.0,
    "pct3ResTime" : 4309.0,
    "throughput" : 0.09092644959492267,
    "receivedKBytesPerSec" : 0.4781452595495504,
    "sentKBytesPerSec" : 0.09797680125296647
  },
  "Submits address to step 2" : {
    "transaction" : "Submits address to step 2",
    "sampleCount" : 5,
    "errorCount" : 0,
    "errorPct" : 0.0,
    "meanResTime" : 4482.2,
    "minResTime" : 2990.0,
    "maxResTime" : 6195.0,
    "pct1ResTime" : 6195.0,
    "pct2ResTime" : 6195.0,
    "pct3ResTime" : 6195.0,
    "throughput" : 0.18376272556874562,
    "receivedKBytesPerSec" : 5.820110073872616,
    "sentKBytesPerSec" : 0.2118296106067845
  },
  "Submits sign on form-0" : {
    "transaction" : "Submits sign on form-0",
    "sampleCount" : 6,
    "errorCount" : 0,
    "errorPct" : 0.0,
    "meanResTime" : 2574.3333333333335,
    "minResTime" : 2040.0,
    "maxResTime" : 3134.0,
    "pct1ResTime" : 3134.0,
    "pct2ResTime" : 3134.0,
    "pct3ResTime" : 3134.0,
    "throughput" : 0.054300116745251,
    "receivedKBytesPerSec" : 0.022024070789252198,
    "sentKBytesPerSec" : 0.07696051702761161
  },
  "Submits sign on form-1" : {
    "transaction" : "Submits sign on form-1",
    "sampleCount" : 6,
    "errorCount" : 0,
    "errorPct" : 0.0,
    "meanResTime" : 3198.5,
    "minResTime" : 1904.0,
    "maxResTime" : 4317.0,
    "pct1ResTime" : 4317.0,
    "pct2ResTime" : 4317.0,
    "pct3ResTime" : 4317.0,
    "throughput" : 0.054031662554256794,
    "receivedKBytesPerSec" : 1.4526109956684616,
    "sentKBytesPerSec" : 0.057215168713866324
  },
  "Logout-1" : {
    "transaction" : "Logout-1",
    "sampleCount" : 7,
    "errorCount" : 0,
    "errorPct" : 0.0,
    "meanResTime" : 4323.0,
    "minResTime" : 2014.0,
    "maxResTime" : 5412.0,
    "pct1ResTime" : 5412.0,
    "pct2ResTime" : 5412.0,
    "pct3ResTime" : 5412.0,
    "throughput" : 0.06947959781238523,
    "receivedKBytesPerSec" : 5.583017185654448,
    "sentKBytesPerSec" : 0.039411836593911606
  },
  "Logout-0" : {
    "transaction" : "Logout-0",
    "sampleCount" : 7,
    "errorCount" : 0,
    "errorPct" : 0.0,
    "meanResTime" : 2478.714285714286,
    "minResTime" : 1590.0,
    "maxResTime" : 3139.0,
    "pct1ResTime" : 3139.0,
    "pct2ResTime" : 3139.0,
    "pct3ResTime" : 3139.0,
    "throughput" : 0.06872919714479278,
    "receivedKBytesPerSec" : 0.03784516477825015,
    "sentKBytesPerSec" : 0.05189207797818339
  },
  "Submits authentication" : {
    "transaction" : "Submits authentication",
    "sampleCount" : 5,
    "errorCount" : 0,
    "errorPct" : 0.0,
    "meanResTime" : 9102.0,
    "minResTime" : 7082.0,
    "maxResTime" : 10713.0,
    "pct1ResTime" : 10713.0,
    "pct2ResTime" : 10713.0,
    "pct3ResTime" : 10713.0,
    "throughput" : 0.1441462219275233,
    "receivedKBytesPerSec" : 4.8274907566235195,
    "sentKBytesPerSec" : 0.3433608052007957
  },
  "Submits payment as check-1" : {
    "transaction" : "Submits payment as check-1",
    "sampleCount" : 5,
    "errorCount" : 0,
    "errorPct" : 0.0,
    "meanResTime" : 3646.8,
    "minResTime" : 2633.0,
    "maxResTime" : 4450.0,
    "pct1ResTime" : 4450.0,
    "pct2ResTime" : 4450.0,
    "pct3ResTime" : 4450.0,
    "throughput" : 0.22735540196435067,
    "receivedKBytesPerSec" : 6.290550967397235,
    "sentKBytesPerSec" : 0.2686079739223354
  },
  "Submits payment as check-0" : {
    "transaction" : "Submits payment as check-0",
    "sampleCount" : 5,
    "errorCount" : 0,
    "errorPct" : 0.0,
    "meanResTime" : 3814.6,
    "minResTime" : 3519.0,
    "maxResTime" : 4732.0,
    "pct1ResTime" : 4732.0,
    "pct2ResTime" : 4732.0,
    "pct3ResTime" : 4732.0,
    "throughput" : 0.2283000776220264,
    "receivedKBytesPerSec" : 0.09029446429386787,
    "sentKBytesPerSec" : 0.2639273748915575
  },
  "Loads order step 1-1" : {
    "transaction" : "Loads order step 1-1",
    "sampleCount" : 5,
    "errorCount" : 0,
    "errorPct" : 0.0,
    "meanResTime" : 5647.0,
    "minResTime" : 4716.0,
    "maxResTime" : 6797.0,
    "pct1ResTime" : 6797.0,
    "pct2ResTime" : 6797.0,
    "pct3ResTime" : 6797.0,
    "throughput" : 0.15469339768578677,
    "receivedKBytesPerSec" : 5.698729532129819,
    "sentKBytesPerSec" : 0.12928379857372685
  },
  "Loads order step 1-0" : {
    "transaction" : "Loads order step 1-0",
    "sampleCount" : 5,
    "errorCount" : 0,
    "errorPct" : 0.0,
    "meanResTime" : 4302.8,
    "minResTime" : 3345.0,
    "maxResTime" : 5129.0,
    "pct1ResTime" : 5129.0,
    "pct2ResTime" : 5129.0,
    "pct3ResTime" : 5129.0,
    "throughput" : 0.16156654926164088,
    "receivedKBytesPerSec" : 0.08662112846156332,
    "sentKBytesPerSec" : 0.11136100631725208
  },
  "Logout" : {
    "transaction" : "Logout",
    "sampleCount" : 7,
    "errorCount" : 0,
    "errorPct" : 0.0,
    "meanResTime" : 6802.285714285715,
    "minResTime" : 3804.0,
    "maxResTime" : 8552.0,
    "pct1ResTime" : 8552.0,
    "pct2ResTime" : 8552.0,
    "pct3ResTime" : 8552.0,
    "throughput" : 0.06739647420159248,
    "receivedKBytesPerSec" : 5.45273957641316,
    "sentKBytesPerSec" : 0.08911604108296506
  },
  "Submits shipping page to order step 3" : {
    "transaction" : "Submits shipping page to order step 3",
    "sampleCount" : 5,
    "errorCount" : 0,
    "errorPct" : 0.0,
    "meanResTime" : 8103.0,
    "minResTime" : 6480.0,
    "maxResTime" : 10815.0,
    "pct1ResTime" : 10815.0,
    "pct2ResTime" : 10815.0,
    "pct3ResTime" : 10815.0,
    "throughput" : 0.1705262439889499,
    "receivedKBytesPerSec" : 5.543734919085297,
    "sentKBytesPerSec" : 0.38071982324954806
  },
  "Add product to cart" : {
    "transaction" : "Add product to cart",
    "sampleCount" : 6,
    "errorCount" : 0,
    "errorPct" : 0.0,
    "meanResTime" : 3544.5,
    "minResTime" : 2148.0,
    "maxResTime" : 5140.0,
    "pct1ResTime" : 5140.0,
    "pct2ResTime" : 5140.0,
    "pct3ResTime" : 5140.0,
    "throughput" : 0.06279632013564006,
    "receivedKBytesPerSec" : 0.08542507221576816,
    "sentKBytesPerSec" : 0.05394514610610485
  },
  "Loads my account page-0" : {
    "transaction" : "Loads my account page-0",
    "sampleCount" : 9,
    "errorCount" : 0,
    "errorPct" : 0.0,
    "meanResTime" : 1684.4444444444443,
    "minResTime" : 596.0,
    "maxResTime" : 2868.0,
    "pct1ResTime" : 2868.0,
    "pct2ResTime" : 2868.0,
    "pct3ResTime" : 2868.0,
    "throughput" : 0.316622691292876,
    "receivedKBytesPerSec" : 0.10265501319261214,
    "sentKBytesPerSec" : 0.21121921723834652
  },
  "Loads order page" : {
    "transaction" : "Loads order page",
    "sampleCount" : 5,
    "errorCount" : 0,
    "errorPct" : 0.0,
    "meanResTime" : 5717.2,
    "minResTime" : 4366.0,
    "maxResTime" : 6831.0,
    "pct1ResTime" : 6831.0,
    "pct2ResTime" : 6831.0,
    "pct3ResTime" : 6831.0,
    "throughput" : 0.16052395017336585,
    "receivedKBytesPerSec" : 5.531335529167202,
    "sentKBytesPerSec" : 0.10688010666816489
  },
  "Loads order step 1" : {
    "transaction" : "Loads order step 1",
    "sampleCount" : 5,
    "errorCount" : 0,
    "errorPct" : 0.0,
    "meanResTime" : 9950.2,
    "minResTime" : 8061.0,
    "maxResTime" : 11510.0,
    "pct1ResTime" : 11510.0,
    "pct2ResTime" : 11510.0,
    "pct3ResTime" : 11510.0,
    "throughput" : 0.1401856057420024,
    "receivedKBytesPerSec" : 5.23943701460734,
    "sentKBytesPerSec" : 0.21378304875655366
  },
  "Loads my account page-1" : {
    "transaction" : "Loads my account page-1",
    "sampleCount" : 9,
    "errorCount" : 0,
    "errorPct" : 0.0,
    "meanResTime" : 2967.777777777778,
    "minResTime" : 2023.0,
    "maxResTime" : 4984.0,
    "pct1ResTime" : 4984.0,
    "pct2ResTime" : 4984.0,
    "pct3ResTime" : 4984.0,
    "throughput" : 0.2829032156665514,
    "receivedKBytesPerSec" : 9.71844376709207,
    "sentKBytesPerSec" : 0.19425038506271022
  },
  "Submits shipping page to order step 3-1" : {
    "transaction" : "Submits shipping page to order step 3-1",
    "sampleCount" : 5,
    "errorCount" : 0,
    "errorPct" : 0.0,
    "meanResTime" : 4115.8,
    "minResTime" : 2986.0,
    "maxResTime" : 4846.0,
    "pct1ResTime" : 4846.0,
    "pct2ResTime" : 4846.0,
    "pct3ResTime" : 4846.0,
    "throughput" : 0.21516481624924694,
    "receivedKBytesPerSec" : 6.761092082472675,
    "sentKBytesPerSec" : 0.23025156801359842
  },
  "Submits payment as check" : {
    "transaction" : "Submits payment as check",
    "sampleCount" : 5,
    "errorCount" : 0,
    "errorPct" : 0.0,
    "meanResTime" : 7461.4,
    "minResTime" : 6232.0,
    "maxResTime" : 8453.0,
    "pct1ResTime" : 8453.0,
    "pct2ResTime" : 8453.0,
    "pct3ResTime" : 8453.0,
    "throughput" : 0.19538118869915205,
    "receivedKBytesPerSec" : 5.483151730588879,
    "sentKBytesPerSec" : 0.4567035285842679
  },
  "Submits shipping page to order step 3-0" : {
    "transaction" : "Submits shipping page to order step 3-0",
    "sampleCount" : 5,
    "errorCount" : 0,
    "errorPct" : 0.0,
    "meanResTime" : 3986.4,
    "minResTime" : 2595.0,
    "maxResTime" : 6082.0,
    "pct1ResTime" : 6082.0,
    "pct2ResTime" : 6082.0,
    "pct3ResTime" : 6082.0,
    "throughput" : 0.20429843915992482,
    "receivedKBytesPerSec" : 0.22201494443082453,
    "sentKBytesPerSec" : 0.2374969355234126
  },
  "Loads authentication page-0" : {
    "transaction" : "Loads authentication page-0",
    "sampleCount" : 5,
    "errorCount" : 0,
    "errorPct" : 0.0,
    "meanResTime" : 2738.6,
    "minResTime" : 2505.0,
    "maxResTime" : 3174.0,
    "pct1ResTime" : 3174.0,
    "pct2ResTime" : 3174.0,
    "pct3ResTime" : 3174.0,
    "throughput" : 0.23313283909171445,
    "receivedKBytesPerSec" : 0.07171566827528326,
    "sentKBytesPerSec" : 0.22275114235091156
  },
  "Loads check payment page" : {
    "transaction" : "Loads check payment page",
    "sampleCount" : 5,
    "errorCount" : 0,
    "errorPct" : 0.0,
    "meanResTime" : 4065.6,
    "minResTime" : 2836.0,
    "maxResTime" : 5003.0,
    "pct1ResTime" : 5003.0,
    "pct2ResTime" : 5003.0,
    "pct3ResTime" : 5003.0,
    "throughput" : 0.22005105184402782,
    "receivedKBytesPerSec" : 6.402969864008449,
    "sentKBytesPerSec" : 0.22409105162397674
  },
  "Loads authentication page" : {
    "transaction" : "Loads authentication page",
    "sampleCount" : 10,
    "errorCount" : 0,
    "errorPct" : 0.0,
    "meanResTime" : 4680.0,
    "minResTime" : 1958.0,
    "maxResTime" : 7047.0,
    "pct1ResTime" : 7024.8,
    "pct2ResTime" : 7047.0,
    "pct3ResTime" : 7047.0,
    "throughput" : 0.09212938651041522,
    "receivedKBytesPerSec" : 2.8357677084197044,
    "sentKBytesPerSec" : 0.1179148183208498
  },
  "Loads authentication page-1" : {
    "transaction" : "Loads authentication page-1",
    "sampleCount" : 5,
    "errorCount" : 0,
    "errorPct" : 0.0,
    "meanResTime" : 3738.8,
    "minResTime" : 3489.0,
    "maxResTime" : 4251.0,
    "pct1ResTime" : 4251.0,
    "pct2ResTime" : 4251.0,
    "pct3ResTime" : 4251.0,
    "throughput" : 0.22382380589999554,
    "receivedKBytesPerSec" : 6.0176691408523215,
    "sentKBytesPerSec" : 0.20948509333452708
  },
  "Submits authentication-1" : {
    "transaction" : "Submits authentication-1",
    "sampleCount" : 5,
    "errorCount" : 0,
    "errorPct" : 0.0,
    "meanResTime" : 5422.6,
    "minResTime" : 3744.0,
    "maxResTime" : 7212.0,
    "pct1ResTime" : 7212.0,
    "pct2ResTime" : 7212.0,
    "pct3ResTime" : 7212.0,
    "throughput" : 0.16167103178452485,
    "receivedKBytesPerSec" : 5.155253449655641,
    "sentKBytesPerSec" : 0.200257360073722
  },
  "Submits authentication-0" : {
    "transaction" : "Submits authentication-0",
    "sampleCount" : 5,
    "errorCount" : 0,
    "errorPct" : 0.0,
    "meanResTime" : 3678.6,
    "minResTime" : 3337.0,
    "maxResTime" : 4395.0,
    "pct1ResTime" : 4395.0,
    "pct2ResTime" : 4395.0,
    "pct3ResTime" : 4395.0,
    "throughput" : 0.16159265722965546,
    "receivedKBytesPerSec" : 0.25902166755542627,
    "sentKBytesPerSec" : 0.18475847957468813
  },
  "Submits sign on form" : {
    "transaction" : "Submits sign on form",
    "sampleCount" : 10,
    "errorCount" : 0,
    "errorPct" : 0.0,
    "meanResTime" : 4884.0,
    "minResTime" : 2570.0,
    "maxResTime" : 7034.0,
    "pct1ResTime" : 6989.6,
    "pct2ResTime" : 7034.0,
    "pct3ResTime" : 7034.0,
    "throughput" : 0.08842749387639605,
    "receivedKBytesPerSec" : 3.195712634409791,
    "sentKBytesPerSec" : 0.1730553688752907
  },
  "Loads home index page" : {
    "transaction" : "Loads home index page",
    "sampleCount" : 18,
    "errorCount" : 0,
    "errorPct" : 0.0,
    "meanResTime" : 3597.7222222222226,
    "minResTime" : 1555.0,
    "maxResTime" : 4699.0,
    "pct1ResTime" : 4599.1,
    "pct2ResTime" : 4699.0,
    "pct3ResTime" : 4699.0,
    "throughput" : 0.1480384900074019,
    "receivedKBytesPerSec" : 11.886698831626779,
    "sentKBytesPerSec" : 0.10164795624640184
  },
  "Total" : {
    "transaction" : "Total",
    "sampleCount" : 209,
    "errorCount" : 0,
    "errorPct" : 0.0,
    "meanResTime" : 4368.17703349282,
    "minResTime" : 596.0,
    "maxResTime" : 11510.0,
    "pct1ResTime" : 7305.0,
    "pct2ResTime" : 8380.0,
    "pct3ResTime" : 10804.800000000001,
    "throughput" : 1.711851912523548,
    "receivedKBytesPerSec" : 51.52893741297403,
    "sentKBytesPerSec" : 1.935823790339094
  }
}