{
  "Delete employee" : {
    "transaction" : "Delete employee",
    "sampleCount" : 44,
    "errorCount" : 42,
    "errorPct" : 95.454544,
    "meanResTime" : 844.6363636363636,
    "minResTime" : 744.0,
    "maxResTime" : 1240.0,
    "pct1ResTime" : 952.5,
    "pct2ResTime" : 1095.25,
    "pct3ResTime" : 1240.0,
    "throughput" : 0.763636994741318,
    "receivedKBytesPerSec" : 13.136129141429043,
    "sentKBytesPerSec" : 0.15206301306860584
  },
  "Create employee-0" : {
    "transaction" : "Create employee-0",
    "sampleCount" : 48,
    "errorCount" : 0,
    "errorPct" : 0.0,
    "meanResTime" : 0.08333333333333336,
    "minResTime" : 0.0,
    "maxResTime" : 1.0,
    "pct1ResTime" : 0.10000000000000142,
    "pct2ResTime" : 1.0,
    "pct3ResTime" : 1.0,
    "throughput" : 0.8044243338360985,
    "receivedKBytesPerSec" : 1.0901101893748952,
    "sentKBytesPerSec" : 0.0
  },
  "Total" : {
    "transaction" : "Total",
    "sampleCount" : 274,
    "errorCount" : 175,
    "errorPct" : 63.868614,
    "meanResTime" : 555.0145985401459,
    "minResTime" : 0.0,
    "maxResTime" : 1453.0,
    "pct1ResTime" : 898.0,
    "pct2ResTime" : 958.0,
    "pct3ResTime" : 1189.0,
    "throughput" : 4.510213823640763,
    "receivedKBytesPerSec" : 56.0490548766687,
    "sentKBytesPerSec" : 0.7725728022995506
  },
  "Update employee" : {
    "transaction" : "Update employee",
    "sampleCount" : 45,
    "errorCount" : 43,
    "errorPct" : 95.55556,
    "meanResTime" : 848.2222222222222,
    "minResTime" : 732.0,
    "maxResTime" : 1453.0,
    "pct1ResTime" : 997.6,
    "pct2ResTime" : 1160.2999999999997,
    "pct3ResTime" : 1453.0,
    "throughput" : 0.7601094557616296,
    "receivedKBytesPerSec" : 14.120105343780615,
    "sentKBytesPerSec" : 0.24853665733421168
  },
  "Search employee" : {
    "transaction" : "Search employee",
    "sampleCount" : 44,
    "errorCount" : 44,
    "errorPct" : 100.0,
    "meanResTime" : 833.0227272727273,
    "minResTime" : 730.0,
    "maxResTime" : 1110.0,
    "pct1ResTime" : 907.5,
    "pct2ResTime" : 962.25,
    "pct3ResTime" : 1110.0,
    "throughput" : 0.7635442335057092,
    "receivedKBytesPerSec" : 13.751794979696665,
    "sentKBytesPerSec" : 0.13713156821573597
  },
  "Update employee-0" : {
    "transaction" : "Update employee-0",
    "sampleCount" : 45,
    "errorCount" : 0,
    "errorPct" : 0.0,
    "meanResTime" : 0.15555555555555556,
    "minResTime" : 0.0,
    "maxResTime" : 1.0,
    "pct1ResTime" : 1.0,
    "pct2ResTime" : 1.0,
    "pct3ResTime" : 1.0,
    "throughput" : 0.7696254489481785,
    "receivedKBytesPerSec" : 1.0451907762527792,
    "sentKBytesPerSec" : 0.0
  },
  "Create employee" : {
    "transaction" : "Create employee",
    "sampleCount" : 48,
    "errorCount" : 46,
    "errorPct" : 95.833336,
    "meanResTime" : 834.9166666666667,
    "minResTime" : 747.0,
    "maxResTime" : 1080.0,
    "pct1ResTime" : 911.2,
    "pct2ResTime" : 1009.0499999999998,
    "pct3ResTime" : 1080.0,
    "throughput" : 0.790110450856776,
    "receivedKBytesPerSec" : 14.70900749061744,
    "sentKBytesPerSec" : 0.25607217370907476
  }
}